{
    "objects": [
        {
            "prefabId": "tdsotm",
            "name": "TDSOTM",
            "objectType": 3,
            "spriteNo": -1,
            "typeOfTerrain": 0,
            "posX": 0.010628199204802513,
            "posY": 22.787578582763673,
            "posZ": 0.0,
            "rotX": 0.0,
            "rotY": 0.0,
            "rotZ": 0.0,
            "rotW": 1.0,
            "scaleX": 1.7999999523162842,
            "scaleY": 1.7999999523162842,
            "scaleZ": 1.7999999523162842
        }
    ]
}