{
    "objects": [
        {
            "prefabId": "dialogue",
            "name": "Dialogue",
            "objectType": 5,
            "spriteNo": -1,
            "typeOfTerrain": 0,
            "posX": -0.006877612788230181,
            "posY": -2.577307939529419,
            "posZ": -0.09052177518606186,
            "rotX": 0.0,
            "rotY": 0.0,
            "rotZ": 0.0,
            "rotW": 1.0,
            "scaleX": 1.7999999523162842,
            "scaleY": 1.7999999523162842,
            "scaleZ": 1.7999999523162842,
            "conversationId": "scene_0"
        },
        {
            "prefabId": "finish_line",
            "name": "Finish Line",
            "objectType": 3,
            "spriteNo": -1,
            "typeOfTerrain": 0,
            "posX": 0.017999999225139619,
            "posY": 0.08999999612569809,
            "posZ": 0.0,
            "rotX": 0.0,
            "rotY": 0.0,
            "rotZ": 0.0,
            "rotW": 1.0,
            "scaleX": 1.7999999523162842,
            "scaleY": 1.7999999523162842,
            "scaleZ": 1.7999999523162842,
            "conversationId": ""
        }
    ]
}